Workbook
Name OneDriveRoot: 'Power Query Setup'!$B$4

Sheet Sync Status
A1: AccountNumber | B1: FolderAccountNumber | C1: FolderAccountMismatch | D1: Status | E1: RowCount | F1: SourceHash | G1: DestinationHash | H1: SourceLastWriteUtc | I1: PublishedUtc | J1: HeartbeatAgeHours | K1: IsFresh | L1: CloudDeliveryVerified

Sheet Account Analysis
A1: AmarTrading — Current Account / Run Analysis
A2: General Data | AH2: Profit / Loss Run | AW2: Basket Depth | BG2: Ratios & Controls
A3: Account # | B3: Run ID | C3: Name | D3: Date Created | E3: Account Type | F3: Liquidity | G3: Server / VPS | H3: MT4 Label | I3: Fixed Lots | J3: Pips Step | K3: Basket Target | L3: Trailing Distance | M3: Trailing Activation | N3: Max Spread | O3: Time Start | P3: Time End | Q3: Open Time | R3: Speed EA | S3: New Basket Delay | T3: Basket Trailing Enabled | U3: Trailing Start | V3: Trailing Step | W3: Kill Switch Enabled | X3: Kill Equity Level | Y3: Kill Cooldown | Z3: Exposure Cap Order # | AA3: Exposure Cap Lot # | AB3: Regime Enable | AC3: Regime Action | AD3: Enable Recovery StepUp | AE3: Recovery Wait | AF3: Recovery Max Lots | AG3: Notes | AH3: Net Profit | AI3: Trading Days | AJ3: Avg Daily | AK3: Max DD | AL3: 2ND DD | AM3: 3RD DD | AN3: Avg DD Biggest 10 | AO3: Total Baskets | AP3: Win Baskets # | AQ3: Win Baskets $ | AR3: Loss Baskets # | AS3: Loss Baskets $ | AT3: Avg Basket Profit | AU3: TimesNearKill | AV3: Kill Count | AW3: 1 | AX3: 2 | AY3: 3 | AZ3: 4 | BA3: 5 | BB3: 6 | BC3: 7 | BD3: 8 | BE3: 9 | BF3: 10+ | BG3: Reached Cap-Lot# | BH3: R_Run | BI3: Avg Win | BJ3: Avg Loss | BK3: Win Rate | BL3: Loss Rate | BM3: Expectancy | BN3: Daily Risk Efficiency | BO3: Config Status
A4: The current account/run is formula-driven below. Copy row 5 down after Power Query supplies additional account/run keys. | B4: The current account/run is formula-driven below. Copy row 5 down after Power Query supplies additional account/run keys. | C4: The current account/run is formula-driven below. Copy row 5 down after Power Query supplies additional account/run keys. | D4: The current account/run is formula-driven below. Copy row 5 down after Power Query supplies additional account/run keys. | E4: The current account/run is formula-driven below. Copy row 5 down after Power Query supplies additional account/run keys. | F4: The current account/run is formula-driven below. Copy row 5 down after Power Query supplies additional account/run keys. | G4: The current account/run is formula-driven below. Copy row 5 down after Power Query supplies additional account/run keys. | H4: The current account/run is formula-driven below. Copy row 5 down after Power Query supplies additional account/run keys. | I4: The current account/run is formula-driven below. Copy row 5 down after Power Query supplies additional account/run keys. | J4: The current account/run is formula-driven below. Copy row 5 down after Power Query supplies additional account/run keys. | K4: The current account/run is formula-driven below. Copy row 5 down after Power Query supplies additional account/run keys. | L4: The current account/run is formula-driven below. Copy row 5 down after Power Query supplies additional account/run keys. | M4: The current account/run is formula-driven below. Copy row 5 down after Power Query supplies additional account/run keys. | N4: The current account/run is formula-driven below. Copy row 5 down after Power Query supplies additional account/run keys. | O4: The current account/run is formula-driven below. Copy row 5 down after Power Query supplies additional account/run keys. | P4: The current account/run is formula-driven below. Copy row 5 down after Power Query supplies additional account/run keys. | Q4: The current account/run is formula-driven below. Copy row 5 down after Power Query supplies additional account/run keys. | R4: The current account/run is formula-driven below. Copy row 5 down after Power Query supplies additional account/run keys. | S4: The current account/run is formula-driven below. Copy row 5 down after Power Query supplies additional account/run keys. | T4: The current account/run is formula-driven below. Copy row 5 down after Power Query supplies additional account/run keys. | U4: The current account/run is formula-driven below. Copy row 5 down after Power Query supplies additional account/run keys. | V4: The current account/run is formula-driven below. Copy row 5 down after Power Query supplies additional account/run keys. | W4: The current account/run is formula-driven below. Copy row 5 down after Power Query supplies additional account/run keys. | X4: The current account/run is formula-driven below. Copy row 5 down after Power Query supplies additional account/run keys. | Y4: The current account/run is formula-driven below. Copy row 5 down after Power Query supplies additional account/run keys. | Z4: The current account/run is formula-driven below. Copy row 5 down after Power Query supplies additional account/run keys. | AA4: The current account/run is formula-driven below. Copy row 5 down after Power Query supplies additional account/run keys. | AB4: The current account/run is formula-driven below. Copy row 5 down after Power Query supplies additional account/run keys. | AC4: The current account/run is formula-driven below. Copy row 5 down after Power Query supplies additional account/run keys. | AD4: The current account/run is formula-driven below. Copy row 5 down after Power Query supplies additional account/run keys. | AE4: The current account/run is formula-driven below. Copy row 5 down after Power Query supplies additional account/run keys. | AF4: The current account/run is formula-driven below. Copy row 5 down after Power Query supplies additional account/run keys. | AG4: The current account/run is formula-driven below. Copy row 5 down after Power Query supplies additional account/run keys. | AH4: The current account/run is formula-driven below. Copy row 5 down after Power Query supplies additional account/run keys. | AI4: The current account/run is formula-driven below. Copy row 5 down after Power Query supplies additional account/run keys. | AJ4: The current account/run is formula-driven below. Copy row 5 down after Power Query supplies additional account/run keys. | AK4: The current account/run is formula-driven below. Copy row 5 down after Power Query supplies additional account/run keys. | AL4: The current account/run is formula-driven below. Copy row 5 down after Power Query supplies additional account/run keys. | AM4: The current account/run is formula-driven below. Copy row 5 down after Power Query supplies additional account/run keys. | AN4: The current account/run is formula-driven below. Copy row 5 down after Power Query supplies additional account/run keys. | AO4: The current account/run is formula-driven below. Copy row 5 down after Power Query supplies additional account/run keys. | AP4: The current account/run is formula-driven below. Copy row 5 down after Power Query supplies additional account/run keys. | AQ4: The current account/run is formula-driven below. Copy row 5 down after Power Query supplies additional account/run keys. | AR4: The current account/run is formula-driven below. Copy row 5 down after Power Query supplies additional account/run keys. | AS4: The current account/run is formula-driven below. Copy row 5 down after Power Query supplies additional account/run keys. | AT4: The current account/run is formula-driven below. Copy row 5 down after Power Query supplies additional account/run keys. | AU4: The current account/run is formula-driven below. Copy row 5 down after Power Query supplies additional account/run keys. | AV4: The current account/run is formula-driven below. Copy row 5 down after Power Query supplies additional account/run keys. | AW4: The current account/run is formula-driven below. Copy row 5 down after Power Query supplies additional account/run keys. | AX4: The current account/run is formula-driven below. Copy row 5 down after Power Query supplies additional account/run keys. | AY4: The current account/run is formula-driven below. Copy row 5 down after Power Query supplies additional account/run keys. | AZ4: The current account/run is formula-driven below. Copy row 5 down after Power Query supplies additional account/run keys. | BA4: The current account/run is formula-driven below. Copy row 5 down after Power Query supplies additional account/run keys. | BB4: The current account/run is formula-driven below. Copy row 5 down after Power Query supplies additional account/run keys. | BC4: The current account/run is formula-driven below. Copy row 5 down after Power Query supplies additional account/run keys. | BD4: The current account/run is formula-driven below. Copy row 5 down after Power Query supplies additional account/run keys. | BE4: The current account/run is formula-driven below. Copy row 5 down after Power Query supplies additional account/run keys. | BF4: The current account/run is formula-driven below. Copy row 5 down after Power Query supplies additional account/run keys. | BG4: The current account/run is formula-driven below. Copy row 5 down after Power Query supplies additional account/run keys. | BH4: The current account/run is formula-driven below. Copy row 5 down after Power Query supplies additional account/run keys. | BI4: The current account/run is formula-driven below. Copy row 5 down after Power Query supplies additional account/run keys. | BJ4: The current account/run is formula-driven below. Copy row 5 down after Power Query supplies additional account/run keys. | BK4: The current account/run is formula-driven below. Copy row 5 down after Power Query supplies additional account/run keys. | BL4: The current account/run is formula-driven below. Copy row 5 down after Power Query supplies additional account/run keys. | BM4: The current account/run is formula-driven below. Copy row 5 down after Power Query supplies additional account/run keys. | BN4: The current account/run is formula-driven below. Copy row 5 down after Power Query supplies additional account/run keys. | BO4: The current account/run is formula-driven below. Copy row 5 down after Power Query supplies additional account/run keys.
A5: 892522910 | B5: Legacy-v2 | C5: =IFERROR(VLOOKUP($A5&"|"&$B5,'Manual Fields'!$A$2:$H$101,4,FALSE),"") -> 0 | D5: =IFERROR(INDEX(_xlfn._xlws.FILTER('Basket Data'!$G$2:$G$2000,('Basket Data'!$A$2:$A$2000=$A5)*('Basket Data'!$AI$2:$AI$2000=$B5)),1),"") | E5: =IFERROR(VLOOKUP($A5&"|"&$B5,'Manual Fields'!$A$2:$H$101,5,FALSE),"") -> 0 | F5: =IFERROR(LOOKUP(2,1/('Basket Data'!$A$2:$A$2000=$A5)*('Basket Data'!$AI$2:$AI$2000=$B5),'Basket Data'!$AK$2:$AK$2000),"") | G5: =IFERROR(VLOOKUP($A5&"|"&$B5,'Manual Fields'!$A$2:$H$101,6,FALSE),"") -> 0 | H5: =IFERROR(VLOOKUP($A5&"|"&$B5,'Manual Fields'!$A$2:$H$101,7,FALSE),"") -> 0 | I5: =IFERROR(LOOKUP(2,1/('Basket Data'!$A$2:$A$2000=$A5)*('Basket Data'!$AI$2:$AI$2000=$B5),'Basket Data'!$M$2:$M$2000),"") | J5: =IFERROR(LOOKUP(2,1/('Basket Data'!$A$2:$A$2000=$A5)*('Basket Data'!$AI$2:$AI$2000=$B5),'Basket Data'!$AA$2:$AA$2000),"") | K5: =IFERROR(LOOKUP(2,1/('Basket Data'!$A$2:$A$2000=$A5)*('Basket Data'!$AI$2:$AI$2000=$B5),'Basket Data'!$AB$2:$AB$2000),"") | L5: =IFERROR(LOOKUP(2,1/('Basket Data'!$A$2:$A$2000=$A5)*('Basket Data'!$AI$2:$AI$2000=$B5),'Basket Data'!$AP$2:$AP$2000),"") | M5: =IFERROR(LOOKUP(2,1/('Basket Data'!$A$2:$A$2000=$A5)*('Basket Data'!$AI$2:$AI$2000=$B5),'Basket Data'!$AQ$2:$AQ$2000),"") | N5: =IFERROR(LOOKUP(2,1/('Basket Data'!$A$2:$A$2000=$A5)*('Basket Data'!$AI$2:$AI$2000=$B5),'Basket Data'!$AR$2:$AR$2000),"") | O5: =IFERROR(LOOKUP(2,1/('Basket Data'!$A$2:$A$2000=$A5)*('Basket Data'!$AI$2:$AI$2000=$B5),'Basket Data'!$AS$2:$AS$2000),"") | P5: =IFERROR(LOOKUP(2,1/('Basket Data'!$A$2:$A$2000=$A5)*('Basket Data'!$AI$2:$AI$2000=$B5),'Basket Data'!$AT$2:$AT$2000),"") | Q5: =IFERROR(LOOKUP(2,1/('Basket Data'!$A$2:$A$2000=$A5)*('Basket Data'!$AI$2:$AI$2000=$B5),'Basket Data'!$AU$2:$AU$2000),"") | R5: =IFERROR(LOOKUP(2,1/('Basket Data'!$A$2:$A$2000=$A5)*('Basket Data'!$AI$2:$AI$2000=$B5),'Basket Data'!$AW$2:$AW$2000),"") | S5: =IFERROR(LOOKUP(2,1/('Basket Data'!$A$2:$A$2000=$A5)*('Basket Data'!$AI$2:$AI$2000=$B5),'Basket Data'!$AV$2:$AV$2000),"") | T5: =IFERROR(LOOKUP(2,1/('Basket Data'!$A$2:$A$2000=$A5)*('Basket Data'!$AI$2:$AI$2000=$B5),'Basket Data'!$AX$2:$AX$2000),"") | U5: =IFERROR(LOOKUP(2,1/('Basket Data'!$A$2:$A$2000=$A5)*('Basket Data'!$AI$2:$AI$2000=$B5),'Basket Data'!$AY$2:$AY$2000),"") | V5: =IFERROR(LOOKUP(2,1/('Basket Data'!$A$2:$A$2000=$A5)*('Basket Data'!$AI$2:$AI$2000=$B5),'Basket Data'!$AZ$2:$AZ$2000),"") | W5: =IFERROR(LOOKUP(2,1/('Basket Data'!$A$2:$A$2000=$A5)*('Basket Data'!$AI$2:$AI$2000=$B5),'Basket Data'!$BA$2:$BA$2000),"") | X5: =IFERROR(LOOKUP(2,1/('Basket Data'!$A$2:$A$2000=$A5)*('Basket Data'!$AI$2:$AI$2000=$B5),'Basket Data'!$AC$2:$AC$2000),"") | Y5: =IFERROR(LOOKUP(2,1/('Basket Data'!$A$2:$A$2000=$A5)*('Basket Data'!$AI$2:$AI$2000=$B5),'Basket Data'!$BB$2:$BB$2000),"") | Z5: =IFERROR(LOOKUP(2,1/('Basket Data'!$A$2:$A$2000=$A5)*('Basket Data'!$AI$2:$AI$2000=$B5),'Basket Data'!$AD$2:$AD$2000),"") | AA5: =IFERROR(LOOKUP(2,1/('Basket Data'!$A$2:$A$2000=$A5)*('Basket Data'!$AI$2:$AI$2000=$B5),'Basket Data'!$AE$2:$AE$2000),"") | AB5: =IFERROR(LOOKUP(2,1/('Basket Data'!$A$2:$A$2000=$A5)*('Basket Data'!$AI$2:$AI$2000=$B5),'Basket Data'!$BC$2:$BC$2000),"") | AC5: =IFERROR(LOOKUP(2,1/('Basket Data'!$A$2:$A$2000=$A5)*('Basket Data'!$AI$2:$AI$2000=$B5),'Basket Data'!$BD$2:$BD$2000),"") | AD5: =IFERROR(LOOKUP(2,1/('Basket Data'!$A$2:$A$2000=$A5)*('Basket Data'!$AI$2:$AI$2000=$B5),'Basket Data'!$BP$2:$BP$2000),"") | AE5: =IFERROR(LOOKUP(2,1/('Basket Data'!$A$2:$A$2000=$A5)*('Basket Data'!$AI$2:$AI$2000=$B5),'Basket Data'!$BQ$2:$BQ$2000),"") | AF5: =IFERROR(LOOKUP(2,1/('Basket Data'!$A$2:$A$2000=$A5)*('Basket Data'!$AI$2:$AI$2000=$B5),'Basket Data'!$BR$2:$BR$2000),"") | AG5: =IFERROR(VLOOKUP($A5&"|"&$B5,'Manual Fields'!$A$2:$H$101,8,FALSE),"") -> 0 | AH5: =IFERROR(SUMIFS('Basket Data'!$R$2:$R$2000,'Basket Data'!$A$2:$A$2000,$A5,'Basket Data'!$AI$2:$AI$2000,$B5),0) -> 0 | AI5: =IFERROR(COUNTA(_xlfn.UNIQUE(_xlfn._xlws.FILTER('Basket Data'!$AH$2:$AH$2000,('Basket Data'!$A$2:$A$2000=$A5)*('Basket Data'!$AI$2:$AI$2000=$B5)))),0) -> 1 | AJ5: =IFERROR(AH5/AI5,0) -> 0 | AK5: =IFERROR(LARGE(_xlfn._xlws.FILTER('Basket Data'!$P$2:$P$2000,('Basket Data'!$A$2:$A$2000=$A5)*('Basket Data'!$AI$2:$AI$2000=$B5)),1),0) -> 0 | AL5: =IFERROR(LARGE(_xlfn._xlws.FILTER('Basket Data'!$P$2:$P$2000,('Basket Data'!$A$2:$A$2000=$A5)*('Basket Data'!$AI$2:$AI$2000=$B5)),2),0) -> 0 | AM5: =IFERROR(LARGE(_xlfn._xlws.FILTER('Basket Data'!$P$2:$P$2000,('Basket Data'!$A$2:$A$2000=$A5)*('Basket Data'!$AI$2:$AI$2000=$B5)),3),0) -> 0 | AN5: =IFERROR((LARGE(_xlfn._xlws.FILTER('Basket Data'!$P$2:$P$2000,('Basket Data'!$A$2:$A$2000=$A5)*('Basket Data'!$AI$2:$AI$2000=$B5)),1)+LARGE(_xlfn._xlws.FILTER('Basket Data'!$P$2:$P$2000,('Basket Data'!$A$2:$A$2000=$A5)*('Basket Data'!$AI$2:$AI$2000=$B5)),2)+LARGE(_xlfn._xlws.FILTER('Basket Data'!$P$2:$P$2000,('Basket Data'!$A$2:$A$2000=$A5)*('Basket Data'!$AI$2:$AI$2000=$B5)),3)+LARGE(_xlfn._xlws.FILTER('Basket Data'!$P$2:$P$2000,('Basket Data'!$A$2:$A$2000=$A5)*('Basket Data'!$AI$2:$AI$2000=$B5)),4)+LARGE(_xlfn._xlws.FILTER('Basket Data'!$P$2:$P$2000,('Basket Data'!$A$2:$A$2000=$A5)*('Basket Data'!$AI$2:$AI$2000=$B5)),5)+LARGE(_xlfn._xlws.FILTER('Basket Data'!$P$2:$P$2000,('Basket Data'!$A$2:$A$2000=$A5)*('Basket Data'!$AI$2:$AI$2000=$B5)),6)+LARGE(_xlfn._xlws.FILTER('Basket Data'!$P$2:$P$2000,('Basket Data'!$A$2:$A$2000=$A5)*('Basket Data'!$AI$2:$AI$2000=$B5)),7)+LARGE(_xlfn._xlws.FILTER('Basket Data'!$P$2:$P$2000,('Basket Data'!$A$2:$A$2000=$A5)*('Basket Data'!$AI$2:$AI$2000=$B5)),8)+LARGE(_xlfn._xlws.FILTER('Basket Data'!$P$2:$P$2000,('Basket Data'!$A$2:$A$2000=$A5)*('Basket Data'!$AI$2:$AI$2000=$B5)),9)+LARGE(_xlfn._xlws.FILTER('Basket Data'!$P$2:$P$2000,('Basket Data'!$A$2:$A$2000=$A5)*('Basket Data'!$AI$2:$AI$2000=$B5)),10))/MIN(10,AO5),0) -> 0 | AO5: =COUNTIFS('Basket Data'!$A$2:$A$2000,$A5,'Basket Data'!$AI$2:$AI$2000,$B5) -> 0 | AP5: =COUNTIFS('Basket Data'!$A$2:$A$2000,$A5,'Basket Data'!$AI$2:$AI$2000,$B5,'Basket Data'!$R$2:$R$2000,">0") -> 0 | AQ5: =SUMIFS('Basket Data'!$R$2:$R$2000,'Basket Data'!$A$2:$A$2000,$A5,'Basket Data'!$AI$2:$AI$2000,$B5,'Basket Data'!$R$2:$R$2000,">0") -> 0 | AR5: =COUNTIFS('Basket Data'!$A$2:$A$2000,$A5,'Basket Data'!$AI$2:$AI$2000,$B5,'Basket Data'!$R$2:$R$2000,"<0") -> 0 | AS5: =-SUMIFS('Basket Data'!$R$2:$R$2000,'Basket Data'!$A$2:$A$2000,$A5,'Basket Data'!$AI$2:$AI$2000,$B5,'Basket Data'!$R$2:$R$2000,"<0") -> 0 | AT5: =IFERROR(AH5/AO5,0) -> 0 | AU5: =SUMIFS('Basket Data'!$Y$2:$Y$2000,'Basket Data'!$A$2:$A$2000,$A5,'Basket Data'!$AI$2:$AI$2000,$B5) -> 0 | AV5: =COUNTIFS('Basket Data'!$A$2:$A$2000,$A5,'Basket Data'!$AI$2:$AI$2000,$B5,'Basket Data'!$S$2:$S$2000,"KILL") -> 0 | AW5: =COUNTIFS('Basket Data'!$A$2:$A$2000,$A5,'Basket Data'!$AI$2:$AI$2000,$B5,'Basket Data'!$N$2:$N$2000,">=1") -> 0 | AX5: =COUNTIFS('Basket Data'!$A$2:$A$2000,$A5,'Basket Data'!$AI$2:$AI$2000,$B5,'Basket Data'!$N$2:$N$2000,">=2") -> 0 | AY5: =COUNTIFS('Basket Data'!$A$2:$A$2000,$A5,'Basket Data'!$AI$2:$AI$2000,$B5,'Basket Data'!$N$2:$N$2000,">=3") -> 0 | AZ5: =COUNTIFS('Basket Data'!$A$2:$A$2000,$A5,'Basket Data'!$AI$2:$AI$2000,$B5,'Basket Data'!$N$2:$N$2000,">=4") -> 0 | BA5: =COUNTIFS('Basket Data'!$A$2:$A$2000,$A5,'Basket Data'!$AI$2:$AI$2000,$B5,'Basket Data'!$N$2:$N$2000,">=5") -> 0 | BB5: =COUNTIFS('Basket Data'!$A$2:$A$2000,$A5,'Basket Data'!$AI$2:$AI$2000,$B5,'Basket Data'!$N$2:$N$2000,">=6") -> 0 | BC5: =COUNTIFS('Basket Data'!$A$2:$A$2000,$A5,'Basket Data'!$AI$2:$AI$2000,$B5,'Basket Data'!$N$2:$N$2000,">=7") -> 0 | BD5: =COUNTIFS('Basket Data'!$A$2:$A$2000,$A5,'Basket Data'!$AI$2:$AI$2000,$B5,'Basket Data'!$N$2:$N$2000,">=8") -> 0 | BE5: =COUNTIFS('Basket Data'!$A$2:$A$2000,$A5,'Basket Data'!$AI$2:$AI$2000,$B5,'Basket Data'!$N$2:$N$2000,">=9") -> 0 | BF5: =COUNTIFS('Basket Data'!$A$2:$A$2000,$A5,'Basket Data'!$AI$2:$AI$2000,$B5,'Basket Data'!$N$2:$N$2000,">=10") -> 0 | BG5: =SUMPRODUCT(('Basket Data'!$A$2:$A$2000=$A5)*('Basket Data'!$AI$2:$AI$2000=$B5)*('Basket Data'!$AE$2:$AE$2000>0)*('Basket Data'!$O$2:$O$2000>='Basket Data'!$AE$2:$AE$2000)) -> 0 | BH5: =IFERROR(AH5/AN5,0) -> 0 | BI5: =IFERROR(AQ5/AP5,0) -> 0 | BJ5: =IFERROR(AS5/AR5,0) -> 0 | BK5: =IFERROR(AP5/AO5,0) -> 0 | BL5: =IFERROR(AR5/AO5,0) -> 0 | BM5: =(BI5*BK5)-(BJ5*BL5) -> 0 | BN5: =IFERROR(AJ5/AN5,0) -> 0 | BO5: =IF(AO5=0,"No basket data",IF(COUNTA(_xlfn.UNIQUE(_xlfn._xlws.FILTER('Basket Data'!$BW$2:$BW$2000,('Basket Data'!$A$2:$A$2000=$A5)*('Basket Data'!$AI$2:$AI$2000=$B5))))>1,"Configuration changed during run","OK")) -> No basket data

Sheet Manual Fields
A1: Run Key | B1: Account # | C1: Run ID | D1: Name | E1: Account Type | F1: Server / VPS | G1: MT4 Label | H1: Notes
A2: 892522910|Legacy-v2 | B2: 892522910 | C2: Legacy-v2

Sheet Basket Data
A1: AccountNumber | B1: BrokerName | C1: BasketID | D1: Symbol | E1: SymbolNormalized | F1: Timeframe | G1: StartTime | H1: EndTime | I1: DurationSeconds | J1: Direction | K1: OrdersCount | L1: TotalLots | M1: FixedLots | N1: MaxOrdersConcurrent | O1: MaxTotalLots | P1: MaxFloatingDrawdownAbs | Q1: MaxFloatingProfit | R1: ClosePL | S1: CloseReason | T1: OutcomeClass | U1: SpreadAtEntry | V1: EquityAtEntry | W1: HeadroomAtEntry | X1: MinHeadroom | Y1: TimesNearKill | Z1: ExposureBlocks | AA1: PipsStep | AB1: TakeProfit | AC1: KillEquityLevel | AD1: MaxOrdersInBasket | AE1: MaxTotalLotsInBasket | AF1: EquityAtExit | AG1: BalanceAfter | AH1: TradeDate | AI1: RunID | AJ1: RunStartTime | AK1: RunStartBalance | AL1: EAName | AM1: EAVersion | AN1: Magic | AO1: PointsPerPip | AP1: Tral | AQ1: TralStart | AR1: MaxSpread | AS1: TimeStart | AT1: TimeEnd | AU1: OpenTime | AV1: NewBasketDelaySeconds | AW1: SpeedEA | AX1: UseBasketTrailingTP | AY1: TrailingStart | AZ1: TrailingStep | BA1: KillSwitchEnable | BB1: KillCooldownMinutes | BC1: RegimeEnable | BD1: RegimeAction | BE1: RegimeADXPeriod | BF1: RegimeADXLevel | BG1: RegimeADXBars | BH1: RegimeRangeBars | BI1: RegimeRecoveryBars | BJ1: EnableTradingDaysFilter | BK1: TradeMonday | BL1: TradeTuesday | BM1: TradeWednesday | BN1: TradeThursday | BO1: TradeFriday | BP1: EnableRecoveryStepUp | BQ1: RecoveryWaitMinutes | BR1: RecoveryMaxTotalLotsInBasket | BS1: CsvSchemaVersion | BT1: FolderAccountNumber | BU1: RunKey | BV1: FolderAccountMismatch | BW1: ConfigFingerprint

Sheet Data Quality
A1: Check | B1: Status | C1: Detail
A2: Sample rows loaded | B2: 543 | C2: Current sample CSV is included as the initial Basket Data baseline.
A3: CSV schema | B3: Schema v2 sample | C3: Liquidity and full configuration auto-populate after schema-v3 CSV is received.
A4: Missing sample columns | B4: 36 | C4: RunID, RunStartTime, RunStartBalance, EAName, EAVersion, Magic, PointsPerPip, Tral, TralStart, MaxSpread, TimeStart, TimeEnd, OpenTime, NewBasketDelaySeconds, SpeedEA, UseBasketTrailingTP, TrailingStart, TrailingStep, KillSwitchEnable, KillCooldownMinutes, RegimeEnable, RegimeAction, RegimeADXPeriod, RegimeADXLevel, RegimeADXBars, RegimeRangeBars, RegimeRecoveryBars, EnableTradingDaysFilter, TradeMonday, TradeTuesday, TradeWednesday, TradeThursday, TradeFriday, EnableRecoveryStepUp, RecoveryWaitMinutes, RecoveryMaxTotalLotsInBasket
A5: Folder/account mismatches | B5: 0 | C5: Power Query flags FolderAccountMismatch when a OneDrive folder does not match AccountNumber.
A6: Configuration changes | B6: Formula monitored | C6: Account Analysis shows 'Configuration changed during run' when input snapshots differ.
A7: TimesNearKill | B7: Defined by EA | C7: Counts separate entries into the near-kill zone: 12% threshold above kill point, re-armed after 2% recovery hysteresis.
A8: Kill Count | B8: Formula monitored | C8: Count of basket rows where CloseReason = KILL.
A9: Refresh setup | B9: Required once | C9: Paste the supplied M code in Excel Data > Get Data > From Other Sources > Blank Query > Advanced Editor, then load to Basket Data.

Sheet Power Query Setup
A1: Power Query Setup — Editable Standard Excel Import
A3: Setting | B3: Value
A4: OneDrive root | B4: C:\Users\User\OneDrive
A5: Expected folder | B5: amartrading\Account_<MT4Login>\Baskets.csv and SyncStatus.json
A6: Embedded query names | B6: AmarTrading_Baskets; AmarTrading_SyncStatus
A8: The two AmarTrading queries are embedded in this workbook. Edit OneDrive root above, then choose Refresh All.
A10: shared AmarTrading_Baskets =
A11: let
A12: OneDriveRoot = Text.Trim(Text.From(Excel.CurrentWorkbook(){[Name="OneDriveRoot"]}[Content]{0}[Column1])),
A13: ExpectedColumns = {
A14: "AccountNumber","BrokerName","BasketID","Symbol","SymbolNormalized","Timeframe","StartTime","EndTime","DurationSeconds","Direction","OrdersCount","TotalLots","FixedLots","MaxOrdersConcurrent","MaxTotalLots","MaxFloatingDrawdownAbs","MaxFloatingProfit","ClosePL","CloseReason","OutcomeClass","SpreadAtEntry","EquityAtEntry","HeadroomAtEntry","MinHeadroom","TimesNearKill","ExposureBlocks","PipsStep","TakeProfit","KillEquityLevel","MaxOrdersInBasket","MaxTotalLotsInBasket","EquityAtExit","BalanceAfter","TradeDate","RunID","RunStartTime","RunStartBalance","EAName","EAVersion","Magic","PointsPerPip","Tral","TralStart","MaxSpread","TimeStart","TimeEnd","OpenTime","NewBasketDelaySeconds","SpeedEA","UseBasketTrailingTP","TrailingStart","TrailingStep","KillSwitchEnable","KillCooldownMinutes","RegimeEnable","RegimeAction","RegimeADXPeriod","RegimeADXLevel","RegimeADXBars","RegimeRangeBars","RegimeRecoveryBars","EnableTradingDaysFilter","TradeMonday","TradeTuesday","TradeWednesday","TradeThursday","TradeFriday","EnableRecoveryStepUp","RecoveryWaitMinutes","RecoveryMaxTotalLotsInBasket","CsvSchemaVersion"
A15: },
A16: FingerprintFields = {
A17: "FixedLots","Magic","PointsPerPip","PipsStep","TakeProfit","Tral","TralStart","MaxSpread",
A18: "TimeStart","TimeEnd","OpenTime","NewBasketDelaySeconds","SpeedEA","UseBasketTrailingTP",
A19: "TrailingStart","TrailingStep","KillSwitchEnable","KillEquityLevel","KillCooldownMinutes",
A20: "MaxOrdersInBasket","MaxTotalLotsInBasket","RegimeEnable","RegimeAction","RegimeADXPeriod",
... A94: Final
